question,title
What are the limitations of large language models in reasoning tasks?,
What are the limitations of large language models in reasoning tasks?,
What are the limitations of large language models in reasoning tasks?,
How does transformer architecture compare to recurrent neural networks?,
How does transformer architecture compare to recurrent neural networks?,
How does transformer architecture compare to recurrent neural networks?,
What biases emerge in large-scale machine learning models?,
What biases emerge in large-scale machine learning models?,
What biases emerge in large-scale machine learning models?,
How does model size affect generalization performance?,
How does model size affect generalization performance?,
How does model size affect generalization performance?,
What evaluation methods are used for generative AI systems?,
What evaluation methods are used for generative AI systems?,
What evaluation methods are used for generative AI systems?,
How do academic search engines rank scholarly articles?,
How do academic search engines rank scholarly articles?,
How do academic search engines rank scholarly articles?,
What role do citations play in information retrieval systems?,
What role do citations play in information retrieval systems?,
What role do citations play in information retrieval systems?,
How does semantic search improve document retrieval?,
How does semantic search improve document retrieval?,
How does semantic search improve document retrieval?,
What are common evaluation metrics for search relevance?,
What are common evaluation metrics for search relevance?,
What are common evaluation metrics for search relevance?,
How do citation networks influence search rankings?,
How do citation networks influence search rankings?,
How do citation networks influence search rankings?,
How does distributed consensus work in fault-tolerant systems?,
How does distributed consensus work in fault-tolerant systems?,
How does distributed consensus work in fault-tolerant systems?,
What are the scalability limits of distributed databases?,
What are the scalability limits of distributed databases?,
What are the scalability limits of distributed databases?,
How does network latency affect cloud performance?,
How does network latency affect cloud performance?,
How does network latency affect cloud performance?,
What are common security vulnerabilities in distributed systems?,
What are common security vulnerabilities in distributed systems?,
What are common security vulnerabilities in distributed systems?,
How does load balancing improve system reliability?,
How does load balancing improve system reliability?,
How does load balancing improve system reliability?,
How do type systems prevent runtime errors?,
How do type systems prevent runtime errors?,
How do type systems prevent runtime errors?,
What tradeoffs exist between static and dynamic typing?,
What tradeoffs exist between static and dynamic typing?,
What tradeoffs exist between static and dynamic typing?,
How are functional programming languages optimized?,
How are functional programming languages optimized?,
How are functional programming languages optimized?,
What role do compilers play in program performance?,
What role do compilers play in program performance?,
What role do compilers play in program performance?,
How does garbage collection impact execution efficiency?,
How does garbage collection impact execution efficiency?,
How does garbage collection impact execution efficiency?,
What factors influence software maintainability?,
What factors influence software maintainability?,
What factors influence software maintainability?,
How effective are code reviews in reducing defects?,
How effective are code reviews in reducing defects?,
How effective are code reviews in reducing defects?,
What are common causes of technical debt?,
What are common causes of technical debt?,
What are common causes of technical debt?,
How do agile methodologies affect project outcomes?,
How do agile methodologies affect project outcomes?,
How do agile methodologies affect project outcomes?,
What metrics are used to measure software quality?,
What metrics are used to measure software quality?,
What metrics are used to measure software quality?,
How is induction used in formal mathematical proofs?,
How is induction used in formal mathematical proofs?,
How is induction used in formal mathematical proofs?,
What are applications of graph theory in computer science?,
What are applications of graph theory in computer science?,
What are applications of graph theory in computer science?,
How does linear algebra support machine learning?,
How does linear algebra support machine learning?,
How does linear algebra support machine learning?,
What are modern approaches to numerical optimization?,
What are modern approaches to numerical optimization?,
What are modern approaches to numerical optimization?,
How are probabilistic methods used in combinatorics?,
How are probabilistic methods used in combinatorics?,
How are probabilistic methods used in combinatorics?,
How do sampling methods affect statistical inference?,
How do sampling methods affect statistical inference?,
How do sampling methods affect statistical inference?,
What assumptions underlie linear regression models?,
What assumptions underlie linear regression models?,
What assumptions underlie linear regression models?,
How is bias quantified in statistical analysis?,
How is bias quantified in statistical analysis?,
How is bias quantified in statistical analysis?,
What methods handle missing data effectively?,
What methods handle missing data effectively?,
What methods handle missing data effectively?,
How do confidence intervals support hypothesis testing?,
How do confidence intervals support hypothesis testing?,
How do confidence intervals support hypothesis testing?,
How do incentives influence economic behavior?,
How do incentives influence economic behavior?,
How do incentives influence economic behavior?,
What causes market failures in competitive economies?,
What causes market failures in competitive economies?,
What causes market failures in competitive economies?,
How does inflation affect long-term growth?,
How does inflation affect long-term growth?,
How does inflation affect long-term growth?,
What are the economic effects of income inequality?,
What are the economic effects of income inequality?,
What are the economic effects of income inequality?,
How do game-theoretic models explain strategic behavior?,
How do game-theoretic models explain strategic behavior?,
How do game-theoretic models explain strategic behavior?,
How is risk quantified in financial markets?,
How is risk quantified in financial markets?,
How is risk quantified in financial markets?,
What factors influence asset price volatility?,
What factors influence asset price volatility?,
What factors influence asset price volatility?,
How do interest rates affect investment decisions?,
How do interest rates affect investment decisions?,
How do interest rates affect investment decisions?,
What models are used for option pricing?,
What models are used for option pricing?,
What models are used for option pricing?,
How does market efficiency impact trading strategies?,
How does market efficiency impact trading strategies?,
How does market efficiency impact trading strategies?,
How do electoral systems affect political outcomes?,
How do electoral systems affect political outcomes?,
How do electoral systems affect political outcomes?,
What factors influence voter turnout?,
What factors influence voter turnout?,
What factors influence voter turnout?,
How do institutions shape democratic governance?,
How do institutions shape democratic governance?,
How do institutions shape democratic governance?,
What causes political polarization?,
What causes political polarization?,
What causes political polarization?,
How does media influence public opinion?,
How does media influence public opinion?,
How does media influence public opinion?,
How does social capital influence economic mobility?,
How does social capital influence economic mobility?,
How does social capital influence economic mobility?,
What factors contribute to social inequality?,
What factors contribute to social inequality?,
What factors contribute to social inequality?,
How do networks shape social behavior?,
How do networks shape social behavior?,
How do networks shape social behavior?,
What role does education play in social stratification?,
What role does education play in social stratification?,
What role does education play in social stratification?,
How do norms influence group behavior?,
How do norms influence group behavior?,
How do norms influence group behavior?,
How does cognitive bias affect decision-making?,
How does cognitive bias affect decision-making?,
How does cognitive bias affect decision-making?,
What neural mechanisms support memory formation?,
What neural mechanisms support memory formation?,
What neural mechanisms support memory formation?,
How does stress impact cognitive performance?,
How does stress impact cognitive performance?,
How does stress impact cognitive performance?,
What factors influence human motivation?,
What factors influence human motivation?,
What factors influence human motivation?,
How is learning measured in experimental psychology?,
How is learning measured in experimental psychology?,
How is learning measured in experimental psychology?,
How does active learning affect student performance?,
How does active learning affect student performance?,
How does active learning affect student performance?,
What factors influence educational achievement gaps?,
What factors influence educational achievement gaps?,
What factors influence educational achievement gaps?,
How does technology impact classroom learning?,
How does technology impact classroom learning?,
How does technology impact classroom learning?,
What assessment methods best measure learning outcomes?,
What assessment methods best measure learning outcomes?,
What assessment methods best measure learning outcomes?,
How does feedback improve student understanding?,
How does feedback improve student understanding?,
How does feedback improve student understanding?,
How is meaning represented in natural language?,
How is meaning represented in natural language?,
How is meaning represented in natural language?,
What distinguishes syntax from semantics?,
What distinguishes syntax from semantics?,
What distinguishes syntax from semantics?,
How do languages change over time?,
How do languages change over time?,
How do languages change over time?,
What methods are used in corpus linguistics?,
What methods are used in corpus linguistics?,
What methods are used in corpus linguistics?,
How does bilingualism affect cognition?,
How does bilingualism affect cognition?,
How does bilingualism affect cognition?,
What is the problem of induction?,
What is the problem of induction?,
What is the problem of induction?,
How do theories of knowledge define justification?,
How do theories of knowledge define justification?,
How do theories of knowledge define justification?,
What ethical issues arise from artificial intelligence?,
What ethical issues arise from artificial intelligence?,
What ethical issues arise from artificial intelligence?,
How is free will addressed in modern philosophy?,
How is free will addressed in modern philosophy?,
How is free will addressed in modern philosophy?,
What distinguishes consequentialist from deontological ethics?,
What distinguishes consequentialist from deontological ethics?,
What distinguishes consequentialist from deontological ethics?,
How did industrialization transform social structures?,
How did industrialization transform social structures?,
How did industrialization transform social structures?,
What causes major political revolutions?,
What causes major political revolutions?,
What causes major political revolutions?,
How do historians evaluate primary sources?,
How do historians evaluate primary sources?,
How do historians evaluate primary sources?,
What role did technology play in modern warfare?,
What role did technology play in modern warfare?,
What role did technology play in modern warfare?,
How has globalization evolved historically?,
How has globalization evolved historically?,
How has globalization evolved historically?,
How does natural selection drive evolution?,
How does natural selection drive evolution?,
How does natural selection drive evolution?,
What mechanisms regulate gene expression?,
What mechanisms regulate gene expression?,
What mechanisms regulate gene expression?,
How do ecosystems maintain stability?,
How do ecosystems maintain stability?,
How do ecosystems maintain stability?,
What factors influence biodiversity loss?,
What factors influence biodiversity loss?,
What factors influence biodiversity loss?,
How is genetic variation measured in populations?,
How is genetic variation measured in populations?,
How is genetic variation measured in populations?,
How are randomized controlled trials designed?,
How are randomized controlled trials designed?,
How are randomized controlled trials designed?,
What factors influence disease transmission?,
What factors influence disease transmission?,
What factors influence disease transmission?,
How does vaccination impact population health?,
How does vaccination impact population health?,
How does vaccination impact population health?,
What ethical issues arise in clinical research?,
What ethical issues arise in clinical research?,
What ethical issues arise in clinical research?,
How is health disparity measured across populations?,
How is health disparity measured across populations?,
How is health disparity measured across populations?,
How does climate change affect biodiversity?,
How does climate change affect biodiversity?,
How does climate change affect biodiversity?,
What methods measure carbon emissions?,
What methods measure carbon emissions?,
What methods measure carbon emissions?,
How do human activities impact ecosystems?,
How do human activities impact ecosystems?,
How do human activities impact ecosystems?,
What strategies mitigate environmental degradation?,
What strategies mitigate environmental degradation?,
What strategies mitigate environmental degradation?,
How is sustainability defined in environmental policy?,
How is sustainability defined in environmental policy?,
How is sustainability defined in environmental policy?,
How is precedent applied in judicial decision-making?,
How is precedent applied in judicial decision-making?,
How is precedent applied in judicial decision-making?,
What factors influence constitutional interpretation?,
What factors influence constitutional interpretation?,
What factors influence constitutional interpretation?,
How does international law regulate state behavior?,
How does international law regulate state behavior?,
How does international law regulate state behavior?,
What are the legal implications of emerging technologies?,
What are the legal implications of emerging technologies?,
What are the legal implications of emerging technologies?,
How do courts balance security and civil liberties?,
How do courts balance security and civil liberties?,
How do courts balance security and civil liberties?,
